,ytest,mlr_ypred,ann_ypred,dtr_ypred
0,37.20000076293945,34.56766128540039,27.373056411743164,37.0
1,35.900001525878906,34.78499984741211,29.930946350097656,32.400001525878906
2,32.5,34.46589660644531,26.8471736907959,34.29999923706055
3,33.5,37.696739196777344,30.494525909423828,33.400001525878906
4,34.599998474121094,36.71647644042969,35.93825912475586,40.70000076293945
5,38.400001525878906,32.010807037353516,35.29149627685547,35.599998474121094
6,35.0,35.00811004638672,29.967876434326172,34.79999923706055
7,33.400001525878906,38.79634094238281,33.71699142456055,32.79999923706055
8,38.20000076293945,32.39698791503906,36.74030685424805,35.70000076293945
9,36.70000076293945,36.75476837158203,30.044776916503906,36.599998474121094
10,35.79999923706055,32.26154708862305,30.65088653564453,36.20000076293945
11,24.100000381469727,28.649211883544922,31.847980499267578,22.899999618530273
12,33.20000076293945,37.010643005371094,32.07626724243164,33.20000076293945
13,37.79999923706055,36.13087463378906,36.385414123535156,38.099998474121094
14,33.70000076293945,31.22024154663086,31.14177131652832,33.5
15,36.29999923706055,33.65460968017578,28.560020446777344,34.5
16,36.900001525878906,38.65340042114258,32.9697151184082,36.79999923706055
17,33.900001525878906,35.844139099121094,30.991971969604492,32.70000076293945
18,22.700000762939453,26.136695861816406,33.17169189453125,21.899999618530273
19,27.399999618530273,29.354990005493164,38.39155578613281,22.100000381469727
20,35.599998474121094,36.550132751464844,27.748455047607422,35.79999923706055
21,34.79999923706055,34.848243713378906,28.031335830688477,33.29999923706055
22,35.70000076293945,32.94029998779297,31.11124610900879,33.900001525878906
23,34.79999923706055,35.41115951538086,28.539018630981445,34.900001525878906
24,23.600000381469727,29.509742736816406,34.15273666381836,24.100000381469727
25,34.79999923706055,33.138526916503906,31.4320125579834,33.900001525878906
26,35.099998474121094,35.85422134399414,28.440597534179688,33.70000076293945
27,39.5,35.46227264404297,36.9109001159668,41.29999923706055
28,32.900001525878906,36.545589447021484,28.681182861328125,34.29999923706055
29,36.400001525878906,34.392738342285156,33.46574020385742,33.900001525878906
30,38.400001525878906,37.934730529785156,34.427276611328125,38.0
31,36.70000076293945,34.928977966308594,28.759765625,32.099998474121094
32,36.5,38.378173828125,31.30356788635254,36.5
33,31.899999618530273,34.66579055786133,32.134864807128906,31.899999618530273
34,36.900001525878906,33.889312744140625,28.69231605529785,37.099998474121094
35,38.0,32.742427825927734,34.98603820800781,37.599998474121094
36,22.799999237060547,24.43170928955078,31.071157455444336,22.700000762939453
37,39.400001525878906,32.21781921386719,36.93489074707031,38.599998474121094
38,35.79999923706055,34.00641632080078,31.227771759033203,35.900001525878906
39,33.5,33.01709747314453,29.319915771484375,33.20000076293945
40,34.599998474121094,35.20057678222656,28.14422035217285,32.79999923706055
41,34.70000076293945,36.012203216552734,30.51405906677246,34.099998474121094
42,36.0,36.96084213256836,33.71595764160156,40.5
43,32.5,34.21212387084961,26.583351135253906,35.20000076293945
44,31.399999618530273,26.473522186279297,35.714229583740234,22.399999618530273
45,33.29999923706055,36.98697280883789,32.788848876953125,35.0
46,21.899999618530273,27.441226959228516,37.661895751953125,21.700000762939453
47,32.29999923706055,30.782609939575195,31.54300880432129,36.400001525878906
48,33.20000076293945,37.79209899902344,31.61631965637207,35.0
49,32.0,30.51285171508789,33.314414978027344,32.099998474121094
50,34.099998474121094,37.22418212890625,32.95494079589844,34.20000076293945
51,31.0,31.694324493408203,35.2468147277832,33.79999923706055
52,34.599998474121094,35.9876823425293,30.222026824951172,34.599998474121094
53,25.5,27.4622745513916,34.11589050292969,25.700000762939453
54,33.70000076293945,37.5086555480957,28.553129196166992,33.599998474121094
55,36.0,33.72032165527344,34.13606643676758,32.29999923706055
56,35.900001525878906,31.622203826904297,29.457544326782227,32.400001525878906
57,34.599998474121094,36.727447509765625,35.41716003417969,31.299999237060547
58,33.400001525878906,37.354393005371094,26.183988571166992,33.900001525878906
59,33.400001525878906,34.52122116088867,32.08908462524414,33.900001525878906
60,35.599998474121094,33.31877899169922,31.8076171875,37.20000076293945
61,22.100000381469727,28.011436462402344,33.837459564208984,24.299999237060547
62,34.29999923706055,31.687557220458984,29.74614715576172,33.29999923706055
63,32.29999923706055,35.074920654296875,28.852426528930664,34.29999923706055
64,30.899999618530273,30.383419036865234,34.27316665649414,31.0
65,36.099998474121094,30.970237731933594,32.43449401855469,36.0
66,31.899999618530273,31.30325698852539,31.74612045288086,31.700000762939453
67,33.5,31.258535385131836,29.152015686035156,33.599998474121094
68,39.099998474121094,29.921714782714844,34.47182846069336,36.0
69,41.099998474121094,39.84112548828125,39.52627182006836,42.900001525878906
70,38.0,32.46704864501953,36.850738525390625,35.70000076293945
71,36.29999923706055,30.91131591796875,32.1794548034668,31.899999618530273
72,38.20000076293945,38.96025466918945,35.73658752441406,43.0
73,35.29999923706055,32.68582534790039,30.23618507385254,32.599998474121094
74,34.599998474121094,35.13902282714844,28.698183059692383,32.79999923706055
75,31.5,24.975996017456055,33.89389419555664,31.5
76,37.599998474121094,34.901615142822266,32.85540771484375,37.400001525878906
77,35.29999923706055,36.44856262207031,28.443191528320312,35.29999923706055
78,34.5,36.10335159301758,30.8512020111084,34.900001525878906
79,38.79999923706055,34.37538528442383,38.89009475708008,38.599998474121094
80,34.400001525878906,31.70577621459961,31.012666702270508,34.400001525878906
81,38.0,37.25001907348633,35.64237594604492,38.29999923706055
82,22.0,28.777362823486328,37.33368682861328,22.200000762939453
83,34.29999923706055,29.478931427001953,32.38429260253906,34.5
84,34.0,31.519817352294922,29.192106246948242,34.400001525878906
85,22.700000762939453,27.19635772705078,32.14299392700195,30.700000762939453
86,34.599998474121094,37.363616943359375,28.229028701782227,34.599998474121094
87,32.599998474121094,29.94061279296875,31.822763442993164,33.5
88,36.20000076293945,38.93976974487305,32.92169952392578,39.5
89,21.0,23.775737762451172,34.1124153137207,21.100000381469727
90,34.5,36.345726013183594,28.78402328491211,34.70000076293945
91,32.900001525878906,36.37007522583008,27.80038833618164,35.900001525878906
92,37.099998474121094,38.91922378540039,33.100181579589844,37.20000076293945
93,38.400001525878906,33.726478576660156,30.32564353942871,32.400001525878906
94,33.70000076293945,38.66682815551758,30.464067459106445,35.0
95,21.799999237060547,25.2254695892334,31.610837936401367,21.899999618530273
96,35.0,34.71776580810547,27.318605422973633,33.29999923706055
97,22.5,28.33453369140625,37.16539764404297,23.399999618530273
98,35.20000076293945,33.23665237426758,32.696083068847656,32.29999923706055
99,39.400001525878906,33.84994888305664,29.91917610168457,39.400001525878906
100,21.200000762939453,25.15955352783203,33.13556671142578,21.399999618530273
101,37.900001525878906,35.392574310302734,34.00106430053711,38.29999923706055
102,33.400001525878906,34.81174087524414,31.886110305786133,33.5
103,20.899999618530273,24.47290802001953,33.172210693359375,21.0
104,34.599998474121094,36.59095764160156,34.25709533691406,34.599998474121094
105,38.0,35.10479736328125,36.714637756347656,39.599998474121094
106,31.899999618530273,31.335901260375977,34.28215789794922,31.5
107,34.099998474121094,37.414207458496094,30.356416702270508,34.0
108,32.79999923706055,25.847293853759766,34.74675750732422,32.900001525878906
109,34.0,33.71712112426758,32.004581451416016,33.79999923706055
110,34.20000076293945,36.427284240722656,31.640666961669922,34.20000076293945
111,39.29999923706055,37.16382598876953,36.846988677978516,39.0
112,35.900001525878906,31.7371768951416,29.591594696044922,36.099998474121094
113,23.100000381469727,27.74041748046875,33.69328689575195,24.299999237060547
114,36.599998474121094,33.64888000488281,29.7816162109375,36.599998474121094
115,39.0,34.09013748168945,37.09177780151367,39.099998474121094
116,36.099998474121094,34.82636260986328,28.519662857055664,37.0
117,36.29999923706055,31.196504592895508,32.45180892944336,36.29999923706055
118,34.099998474121094,36.9970703125,30.353431701660156,35.70000076293945
119,32.900001525878906,39.92545700073242,35.23561477661133,38.70000076293945
120,38.5,34.717041015625,36.18315887451172,39.599998474121094
121,23.399999618530273,30.597116470336914,38.00609588623047,23.299999237060547
122,34.5,34.91669845581055,34.05360794067383,34.599998474121094
123,32.5,35.864845275878906,28.51604652404785,32.5
124,35.099998474121094,34.43257141113281,29.852256774902344,35.0
125,39.0,35.9735221862793,33.255924224853516,37.79999923706055
126,33.900001525878906,35.65059280395508,31.100534439086914,32.70000076293945
127,35.0,35.0035400390625,27.55325698852539,35.599998474121094
128,34.29999923706055,36.08509063720703,26.565326690673828,32.900001525878906
129,35.099998474121094,35.95994186401367,28.610942840576172,34.70000076293945
130,33.400001525878906,34.74628448486328,28.29522132873535,34.400001525878906
131,23.799999237060547,30.54551887512207,36.019500732421875,27.700000762939453
132,39.400001525878906,33.63140106201172,36.55445098876953,39.20000076293945
133,23.600000381469727,24.91551399230957,31.646753311157227,24.200000762939453
134,33.0,32.79158020019531,31.87442970275879,33.099998474121094
135,32.70000076293945,35.17964553833008,26.303802490234375,34.29999923706055
136,29.899999618530273,23.587623596191406,33.051300048828125,30.0
137,35.900001525878906,37.1899299621582,29.569700241088867,36.0
138,34.20000076293945,30.468536376953125,32.817726135253906,34.29999923706055
139,23.399999618530273,28.445287704467773,33.20696258544922,23.200000762939453
140,34.29999923706055,36.118343353271484,31.340789794921875,35.599998474121094
141,33.900001525878906,31.324745178222656,31.19459342956543,33.79999923706055
142,39.20000076293945,37.82872772216797,34.93354797363281,38.900001525878906
143,34.0,29.549556732177734,29.524032592773438,24.899999618530273
144,33.0,36.64548110961914,27.639537811279297,35.0
145,37.70000076293945,33.38468933105469,36.76954650878906,39.20000076293945
146,35.5,35.306087493896484,26.140771865844727,35.400001525878906
147,35.70000076293945,30.40220069885254,35.29539108276367,36.0
148,34.29999923706055,31.469390869140625,30.208162307739258,34.29999923706055
149,20.899999618530273,26.542152404785156,37.325252532958984,29.299999237060547
150,22.299999237060547,25.869314193725586,37.393924713134766,21.700000762939453
151,38.900001525878906,35.133544921875,35.36521530151367,38.29999923706055
152,32.5,35.643558502197266,27.640363693237305,32.900001525878906
153,22.0,30.60672950744629,34.17366027832031,29.700000762939453
154,34.599998474121094,30.987199783325195,32.83603286743164,24.600000381469727
155,35.099998474121094,33.11354064941406,29.993764877319336,33.29999923706055
156,32.79999923706055,36.49811553955078,28.350370407104492,32.900001525878906
157,33.400001525878906,34.26118850708008,31.21994400024414,33.400001525878906
158,36.0,33.84868621826172,31.259143829345703,36.099998474121094
159,34.0,34.75621032714844,29.01701545715332,33.599998474121094
160,32.599998474121094,36.66102981567383,27.642993927001953,33.0
161,34.900001525878906,31.936721801757812,30.77543067932129,32.29999923706055
162,36.20000076293945,36.76353454589844,29.847766876220703,36.099998474121094
163,34.79999923706055,37.5831413269043,35.27518081665039,32.79999923706055
164,32.0,30.485889434814453,32.03480911254883,31.299999237060547
165,37.900001525878906,37.940101623535156,33.6502571105957,38.0
166,22.0,26.082305908203125,34.416236877441406,29.299999237060547
167,30.700000762939453,30.701549530029297,35.71112060546875,31.299999237060547
168,34.0,29.01476287841797,28.695049285888672,34.099998474121094
169,32.29999923706055,31.627099990844727,31.66941261291504,33.20000076293945
170,35.400001525878906,34.814857482910156,29.95979881286621,33.400001525878906
171,22.600000381469727,26.95879554748535,34.19186019897461,22.600000381469727
172,33.79999923706055,33.91454315185547,32.86714553833008,33.70000076293945
173,38.400001525878906,36.05891799926758,35.45018768310547,38.5
174,34.599998474121094,32.11627197265625,30.196910858154297,33.900001525878906
175,33.0,36.691505432128906,29.711048126220703,32.900001525878906
176,37.099998474121094,34.685062408447266,36.617637634277344,37.20000076293945
177,38.400001525878906,36.34137725830078,36.47038269042969,38.400001525878906
178,37.099998474121094,26.418973922729492,34.83943557739258,21.5
179,34.400001525878906,35.31385040283203,27.487258911132812,35.400001525878906
180,34.20000076293945,39.367698669433594,34.10810470581055,39.20000076293945
181,34.5,37.78034591674805,29.06790542602539,34.599998474121094
182,36.0,32.22620391845703,30.892833709716797,35.29999923706055
183,37.70000076293945,31.980594635009766,32.724830627441406,37.20000076293945
184,36.099998474121094,33.43558120727539,28.41370391845703,36.099998474121094
185,35.099998474121094,30.00118637084961,33.09075164794922,35.099998474121094
186,36.400001525878906,37.25538635253906,33.80493927001953,36.400001525878906
187,20.700000762939453,28.618728637695312,35.43184280395508,22.200000762939453
188,33.099998474121094,38.0529899597168,31.23944854736328,34.099998474121094
189,22.399999618530273,26.106897354125977,32.82350158691406,21.0
190,32.79999923706055,36.448856353759766,28.883798599243164,33.099998474121094
191,33.400001525878906,35.63001251220703,32.50004196166992,33.400001525878906
192,32.5,36.35277557373047,28.935054779052734,34.29999923706055
193,37.0,35.18290328979492,28.052671432495117,36.79999923706055
194,34.79999923706055,32.06715774536133,29.3760986328125,34.29999923706055
195,35.0,32.22636413574219,26.339021682739258,35.0
196,30.5,32.48865509033203,37.30411148071289,33.0
197,35.900001525878906,34.91939926147461,28.35331153869629,37.0
198,32.400001525878906,29.79993438720703,28.387693405151367,32.79999923706055
199,33.400001525878906,31.473751068115234,29.29447364807129,33.29999923706055
200,37.5,36.89829635620117,37.10479736328125,39.70000076293945
201,35.400001525878906,32.978641510009766,36.17023849487305,35.5
202,37.5,35.60152816772461,37.832881927490234,37.400001525878906
203,37.5,36.337772369384766,36.90818405151367,42.400001525878906
204,35.099998474121094,31.77945327758789,30.51262855529785,33.70000076293945
205,22.5,27.112606048583984,36.46343231201172,22.399999618530273
206,33.70000076293945,30.97705841064453,31.258583068847656,33.5
207,32.79999923706055,36.410308837890625,34.274410247802734,32.79999923706055
208,29.200000762939453,30.46804428100586,36.94224548339844,29.0
209,36.099998474121094,36.80532455444336,29.66306495666504,36.099998474121094
210,33.099998474121094,35.736427307128906,29.220945358276367,33.099998474121094
211,35.400001525878906,32.93183517456055,28.330402374267578,35.400001525878906
212,34.70000076293945,31.422199249267578,29.54896354675293,34.099998474121094
213,40.20000076293945,38.79169464111328,35.92162322998047,38.900001525878906
214,38.29999923706055,37.383094787597656,34.404632568359375,38.599998474121094
215,21.100000381469727,24.67985725402832,35.17097473144531,21.0
216,38.79999923706055,35.470603942871094,36.262969970703125,38.900001525878906
217,35.900001525878906,29.395282745361328,32.61668014526367,36.0
218,32.79999923706055,39.25007247924805,34.505271911621094,32.79999923706055
219,21.600000381469727,24.88440704345703,33.172706604003906,32.79999923706055
220,33.0,31.983745574951172,28.82676124572754,32.900001525878906
221,21.299999237060547,29.324193954467773,36.964107513427734,21.200000762939453
222,37.400001525878906,38.23023986816406,33.78025436401367,37.5
223,26.100000381469727,28.9820556640625,35.85948181152344,28.0
224,33.0,35.708980560302734,24.65872573852539,33.0
225,25.0,29.314563751220703,30.02033805847168,24.899999618530273
226,36.79999923706055,28.53400993347168,31.403854370117188,37.0
227,22.399999618530273,29.596832275390625,36.73529815673828,25.5
228,37.0,38.31418991088867,32.53800582885742,37.599998474121094
229,35.0,36.93737030029297,30.295944213867188,34.5
230,32.70000076293945,36.75251388549805,27.816776275634766,32.70000076293945
231,24.0,29.34488296508789,32.32793045043945,24.0
232,38.29999923706055,35.90011215209961,31.460844039916992,38.900001525878906
233,39.599998474121094,39.26206588745117,33.303680419921875,38.79999923706055
234,39.900001525878906,32.0367431640625,40.69902420043945,42.599998474121094
235,34.20000076293945,31.199831008911133,29.02704429626465,35.900001525878906
236,35.400001525878906,31.237407684326172,37.982582092285156,35.400001525878906
237,24.200000762939453,27.659778594970703,31.15814208984375,27.200000762939453
238,20.899999618530273,23.79216957092285,33.0802116394043,27.899999618530273
239,34.599998474121094,36.93283462524414,27.58042335510254,34.599998474121094
240,36.099998474121094,37.46585464477539,29.264205932617188,36.20000076293945
241,34.29999923706055,36.36045837402344,28.563701629638672,34.29999923706055
242,22.299999237060547,27.502479553222656,35.047119140625,22.399999618530273
243,22.200000762939453,26.115745544433594,36.08462142944336,21.100000381469727
244,31.700000762939453,29.995319366455078,33.65675354003906,31.799999237060547
245,33.900001525878906,32.89962387084961,31.2165584564209,32.29999923706055
246,34.5,35.60294723510742,29.327680587768555,35.400001525878906
247,24.299999237060547,27.997802734375,34.001773834228516,24.299999237060547
248,32.29999923706055,31.20967674255371,33.39786148071289,32.099998474121094
249,21.5,26.513565063476562,34.9864387512207,38.900001525878906
250,33.599998474121094,30.293729782104492,28.39872169494629,33.5
251,20.899999618530273,26.296791076660156,34.961246490478516,22.399999618530273
252,36.5,36.27332305908203,30.891021728515625,38.29999923706055
253,33.20000076293945,37.354984283447266,27.17870330810547,33.79999923706055
254,33.900001525878906,30.743083953857422,31.018260955810547,34.29999923706055
255,35.599998474121094,39.235984802246094,30.884916305541992,36.099998474121094
256,34.79999923706055,38.04387664794922,28.373600006103516,34.79999923706055
257,22.100000381469727,26.42483901977539,35.73762893676758,22.100000381469727
258,33.0,25.226455688476562,34.370994567871094,22.200000762939453
259,33.20000076293945,34.5765495300293,29.604825973510742,36.400001525878906
260,33.29999923706055,34.9229850769043,32.236732482910156,33.29999923706055
261,34.70000076293945,31.677968978881836,28.233055114746094,36.099998474121094
262,23.600000381469727,29.186424255371094,37.052818298339844,21.700000762939453
263,34.900001525878906,30.037006378173828,32.97222137451172,37.70000076293945
264,35.20000076293945,36.80527877807617,28.749771118164062,33.099998474121094
265,38.400001525878906,32.22003936767578,36.426143646240234,38.79999923706055
266,34.900001525878906,38.885719299316406,37.16267776489258,34.900001525878906
267,37.79999923706055,33.48593521118164,36.40504837036133,35.400001525878906
268,31.799999237060547,33.59324645996094,38.42161178588867,37.70000076293945
269,23.700000762939453,29.4238224029541,34.538516998291016,30.200000762939453
270,46.29999923706055,39.31901931762695,35.7046012878418,42.900001525878906
271,28.799999237060547,24.515338897705078,34.73849105834961,32.79999923706055
272,35.0,34.64218521118164,30.1356258392334,35.0
273,31.700000762939453,30.413776397705078,31.51091194152832,31.299999237060547
274,32.79999923706055,35.2149772644043,28.80047607421875,33.70000076293945
275,34.900001525878906,37.17695999145508,32.3098258972168,35.0
276,30.299999237060547,28.073009490966797,32.55028533935547,26.200000762939453
277,38.70000076293945,32.456485748291016,36.22209167480469,35.70000076293945
278,37.099998474121094,32.990684509277344,32.790592193603516,37.20000076293945
279,35.70000076293945,32.74307632446289,30.807594299316406,36.20000076293945
280,35.400001525878906,36.30884552001953,29.016536712646484,35.5
281,37.29999923706055,34.30832290649414,26.896242141723633,37.0
282,34.20000076293945,34.514190673828125,26.41847038269043,32.79999923706055
283,36.0,33.19617462158203,28.453340530395508,35.900001525878906
284,29.799999237060547,29.45241355895996,35.23805618286133,30.899999618530273
285,21.799999237060547,26.44967269897461,34.69710159301758,21.600000381469727
286,32.79999923706055,31.55915069580078,33.750946044921875,32.79999923706055
287,21.100000381469727,27.543472290039062,33.607582092285156,21.299999237060547
288,35.900001525878906,33.178955078125,28.70911979675293,35.900001525878906
289,21.600000381469727,24.57333755493164,34.225528717041016,21.5
290,40.599998474121094,34.32923889160156,35.52363967895508,39.099998474121094
291,34.79999923706055,37.603607177734375,34.714683532714844,33.400001525878906
292,38.79999923706055,38.545066833496094,33.47312545776367,38.79999923706055
293,34.29999923706055,35.26826477050781,27.89690589904785,34.70000076293945
294,24.700000762939453,30.13327407836914,32.01618957519531,36.20000076293945
295,32.79999923706055,35.80354309082031,27.3268985748291,32.79999923706055
296,22.5,26.29160499572754,33.058658599853516,22.600000381469727
297,21.399999618530273,24.803726196289062,33.18980407714844,21.399999618530273
298,34.400001525878906,35.3800048828125,27.08200454711914,32.599998474121094
299,29.700000762939453,29.227439880371094,35.18052673339844,30.899999618530273
300,23.5,28.761552810668945,37.01013946533203,23.299999237060547
301,33.70000076293945,34.09239196777344,28.51714515686035,33.79999923706055
302,35.20000076293945,31.92243194580078,29.938966751098633,34.29999923706055
303,32.400001525878906,31.2634220123291,32.1031379699707,32.29999923706055
304,21.5,27.06283950805664,35.92817306518555,22.299999237060547
305,34.79999923706055,35.76175308227539,28.301898956298828,34.900001525878906
306,36.0,36.912105560302734,29.435985565185547,36.099998474121094
307,35.0,30.977867126464844,30.052635192871094,37.20000076293945
308,31.299999237060547,33.27194595336914,33.69431686401367,32.29999923706055
309,31.899999618530273,30.344202041625977,33.17048645019531,31.700000762939453
310,33.20000076293945,37.283390045166016,31.787372589111328,33.29999923706055
311,33.900001525878906,33.706214904785156,29.91779136657715,36.29999923706055
312,38.0,34.16298294067383,30.444738388061523,38.20000076293945
313,36.599998474121094,36.958526611328125,30.426738739013672,33.0
314,34.599998474121094,35.96217727661133,29.212278366088867,34.79999923706055
315,36.099998474121094,33.1876220703125,31.297340393066406,35.900001525878906
316,35.20000076293945,38.32640075683594,29.578636169433594,35.20000076293945
317,34.900001525878906,33.45986557006836,29.06421661376953,36.099998474121094
318,35.099998474121094,35.09370422363281,27.025699615478516,35.099998474121094
319,36.0,34.9177131652832,27.68970489501953,35.79999923706055
320,35.5,37.695255279541016,31.43232536315918,35.5
321,26.100000381469727,26.657426834106445,34.19818878173828,26.0
322,38.5,37.030235290527344,36.30878448486328,41.29999923706055
323,34.400001525878906,36.554996490478516,27.68115234375,34.0
324,33.5,30.83416175842285,28.92595100402832,32.79999923706055
325,28.200000762939453,24.192672729492188,35.869747161865234,29.899999618530273
326,34.5,33.733497619628906,30.304210662841797,34.0
327,35.599998474121094,33.967002868652344,28.262544631958008,35.5
328,32.099998474121094,28.79998779296875,31.60919761657715,35.099998474121094
329,32.900001525878906,36.476192474365234,28.538888931274414,32.5
330,22.899999618530273,29.08899688720703,33.86695861816406,36.70000076293945
331,31.700000762939453,36.04841995239258,34.55819320678711,31.700000762939453
332,35.400001525878906,34.278404235839844,33.40236282348633,35.400001525878906
333,35.29999923706055,34.843746185302734,27.130014419555664,32.70000076293945
334,22.299999237060547,26.327442169189453,32.242183685302734,21.700000762939453
335,34.5,35.58399963378906,27.821075439453125,34.400001525878906
336,33.0,29.559982299804688,31.067174911499023,33.400001525878906
337,34.599998474121094,35.61880874633789,30.100984573364258,35.0
338,38.0,31.346113204956055,33.15157699584961,36.900001525878906
339,33.599998474121094,31.29067039489746,28.604084014892578,33.599998474121094
340,33.0,29.694759368896484,31.107177734375,30.899999618530273
341,36.099998474121094,35.353031158447266,28.151714324951172,36.70000076293945
342,37.599998474121094,35.43574142456055,34.23779296875,40.099998474121094
343,21.399999618530273,24.094066619873047,35.383785247802734,31.600000381469727
344,33.70000076293945,31.745031356811523,31.58795166015625,36.0
345,35.0,33.962398529052734,28.6585750579834,34.900001525878906
346,32.79999923706055,35.4057731628418,26.763690948486328,34.29999923706055
347,35.400001525878906,37.45791244506836,28.64805793762207,35.599998474121094
348,25.399999618530273,29.982322692871094,37.14194869995117,25.5
349,35.70000076293945,35.57988739013672,28.754722595214844,35.79999923706055
350,35.29999923706055,36.623863220214844,28.985748291015625,35.70000076293945
351,35.900001525878906,37.1490364074707,29.575843811035156,36.0
352,38.5,36.63850784301758,33.478431701660156,39.0
353,36.29999923706055,34.731014251708984,29.187541961669922,35.0
354,36.79999923706055,38.97970199584961,32.52996826171875,37.099998474121094
355,32.79999923706055,31.922101974487305,29.267499923706055,32.900001525878906
356,35.29999923706055,37.34270477294922,34.17453384399414,32.79999923706055
357,38.099998474121094,31.222057342529297,36.1595344543457,29.5
358,33.900001525878906,36.454708099365234,28.541810989379883,34.29999923706055
359,31.299999237060547,31.64282989501953,35.97700500488281,37.599998474121094
360,38.900001525878906,36.750850677490234,33.7172966003418,39.0
361,36.599998474121094,38.468971252441406,31.738750457763672,36.70000076293945
362,34.400001525878906,37.94100570678711,30.57792854309082,34.400001525878906
363,36.0,35.47565460205078,28.381336212158203,36.70000076293945
364,22.0,25.328113555908203,34.76901626586914,21.799999237060547
365,34.79999923706055,35.80679702758789,29.40148162841797,34.70000076293945
366,35.29999923706055,37.812522888183594,33.154144287109375,35.29999923706055
367,21.700000762939453,24.208621978759766,34.32790756225586,21.799999237060547
368,35.70000076293945,33.74444580078125,32.54697799682617,33.70000076293945
369,26.200000762939453,27.775779724121094,33.45159912109375,25.200000762939453
370,36.099998474121094,30.41006851196289,35.09429168701172,31.100000381469727
371,34.0,37.52602005004883,29.150297164916992,34.0
372,38.099998474121094,36.2299690246582,36.15180587768555,39.5
373,39.900001525878906,37.86127471923828,35.198299407958984,44.70000076293945
374,30.799999237060547,30.779659271240234,33.236915588378906,25.299999237060547
375,34.29999923706055,35.01029968261719,28.779884338378906,34.29999923706055
376,40.29999923706055,37.10155487060547,35.30283737182617,39.5
377,33.70000076293945,30.792972564697266,28.42215919494629,35.29999923706055
378,31.600000381469727,33.54407501220703,39.26776123046875,31.700000762939453
379,34.099998474121094,28.99999237060547,28.350650787353516,35.0
380,37.79999923706055,37.09429931640625,31.809572219848633,36.5
381,35.400001525878906,37.48550033569336,28.19078254699707,35.400001525878906
382,38.79999923706055,35.39292526245117,33.836936950683594,38.79999923706055
383,38.599998474121094,37.94473648071289,35.976741790771484,38.599998474121094
384,30.399999618530273,30.056406021118164,35.87334060668945,30.299999237060547
385,34.099998474121094,32.47551345825195,32.09273147583008,34.20000076293945
386,31.700000762939453,36.06830596923828,34.43326950073242,31.700000762939453
387,28.0,28.11701202392578,30.886981964111328,28.200000762939453
388,38.79999923706055,34.74324417114258,36.43309020996094,38.400001525878906
389,31.899999618530273,31.229055404663086,32.56766128540039,31.799999237060547
390,33.0,37.36725616455078,28.316606521606445,33.099998474121094
391,28.0,24.539196014404297,35.652435302734375,28.100000381469727
392,32.29999923706055,31.832603454589844,35.37580108642578,33.79999923706055
393,31.399999618530273,35.362884521484375,34.5550537109375,41.29999923706055
394,34.599998474121094,34.80790328979492,29.095600128173828,34.599998474121094
395,32.20000076293945,28.237192153930664,30.477386474609375,31.799999237060547
396,36.099998474121094,30.751277923583984,29.434890747070312,36.099998474121094
397,34.79999923706055,36.65054702758789,33.25165939331055,34.70000076293945
398,37.79999923706055,35.944820404052734,37.311195373535156,37.599998474121094
399,28.899999618530273,30.03537940979004,35.962581634521484,25.299999237060547
400,39.099998474121094,34.758384704589844,36.614776611328125,39.599998474121094
401,31.799999237060547,33.305667877197266,37.454925537109375,31.799999237060547
402,35.29999923706055,33.54842758178711,32.64497375488281,35.29999923706055
403,30.5,30.71411895751953,32.897193908691406,33.599998474121094
404,34.70000076293945,37.48836898803711,28.351654052734375,35.0
405,35.099998474121094,33.182655334472656,29.258031845092773,33.5
406,31.700000762939453,30.15222930908203,33.443878173828125,31.799999237060547
407,25.799999237060547,27.201976776123047,34.6039924621582,22.200000762939453
408,33.599998474121094,32.2175407409668,32.53585433959961,33.29999923706055
409,29.799999237060547,25.859920501708984,35.9639892578125,29.799999237060547
410,39.400001525878906,33.23014831542969,36.96474075317383,38.599998474121094
411,37.5,33.99367904663086,34.491920471191406,37.20000076293945
412,35.0,35.278472900390625,31.087255477905273,34.79999923706055
413,35.599998474121094,35.230377197265625,30.595962524414062,35.79999923706055
414,31.899999618530273,34.63477325439453,33.138671875,31.899999618530273
415,37.79999923706055,35.283931732177734,35.906166076660156,41.29999923706055
416,25.299999237060547,28.196643829345703,31.179296493530273,25.399999618530273
417,36.0,31.44355583190918,29.143613815307617,35.900001525878906
418,34.900001525878906,31.755611419677734,29.80295753479004,35.29999923706055
419,32.79999923706055,31.859066009521484,33.459869384765625,33.5
420,34.20000076293945,38.81828308105469,32.882198333740234,34.099998474121094
421,35.79999923706055,35.640193939208984,28.572786331176758,36.0
422,36.70000076293945,31.5185546875,31.842853546142578,36.70000076293945
423,38.099998474121094,38.26544189453125,34.54277038574219,37.099998474121094
424,28.700000762939453,30.464269638061523,36.23655319213867,28.5
425,35.900001525878906,27.491756439208984,35.89215087890625,36.20000076293945
426,33.599998474121094,36.024330139160156,29.7244873046875,32.29999923706055
427,33.70000076293945,36.09510040283203,27.795137405395508,33.400001525878906
428,33.79999923706055,35.954673767089844,28.84585952758789,33.5
429,35.0,37.487693786621094,28.025463104248047,34.900001525878906
430,34.599998474121094,36.486576080322266,28.83328628540039,34.099998474121094
431,32.400001525878906,30.106048583984375,31.226247787475586,32.79999923706055
432,31.399999618530273,31.003177642822266,32.45085144042969,31.5
433,27.100000381469727,27.191938400268555,33.686031341552734,28.0
434,36.29999923706055,38.47890853881836,30.633934020996094,36.29999923706055
435,33.099998474121094,36.754119873046875,25.497745513916016,33.29999923706055
436,42.70000076293945,38.495765686035156,36.969146728515625,43.0
437,36.400001525878906,30.329387664794922,35.67782211303711,21.600000381469727
438,36.5,34.994205474853516,33.40078353881836,36.900001525878906
439,33.599998474121094,39.0759391784668,31.898466110229492,33.599998474121094
440,35.29999923706055,34.644813537597656,26.90896224975586,35.29999923706055
441,34.29999923706055,30.58810043334961,29.03092384338379,33.599998474121094
442,35.400001525878906,37.804805755615234,32.84183120727539,35.29999923706055
443,34.20000076293945,38.66114807128906,31.274471282958984,34.20000076293945
444,30.299999237060547,29.199077606201172,34.10955047607422,23.799999237060547
445,39.099998474121094,32.78771209716797,37.501220703125,37.70000076293945
446,38.79999923706055,37.471107482910156,35.9517707824707,37.70000076293945
447,37.5,36.03981018066406,33.303855895996094,37.400001525878906
448,29.899999618530273,25.505176544189453,36.11598205566406,21.0
449,35.099998474121094,31.927370071411133,31.29033088684082,34.79999923706055
450,35.29999923706055,35.31734085083008,28.870960235595703,34.70000076293945
451,36.5,33.94462203979492,38.5971565246582,36.70000076293945
452,31.299999237060547,35.49150466918945,36.5049934387207,38.599998474121094
453,32.79999923706055,31.68560028076172,32.463462829589844,32.79999923706055
454,23.399999618530273,30.861650466918945,38.97611618041992,23.399999618530273
455,35.79999923706055,33.92431640625,29.293363571166992,35.70000076293945
456,34.400001525878906,35.34336853027344,27.80491065979004,33.599998474121094
457,35.099998474121094,35.80248260498047,27.204620361328125,33.70000076293945
458,37.0,32.391212463378906,31.430885314941406,37.20000076293945
459,35.79999923706055,37.642539978027344,31.018823623657227,36.0
460,23.700000762939453,27.504627227783203,36.11474609375,20.799999237060547
461,23.0,28.896739959716797,34.217411041259766,24.899999618530273
462,34.29999923706055,32.15211486816406,32.10890197753906,34.20000076293945
463,36.400001525878906,30.758024215698242,32.61451721191406,32.5
464,36.70000076293945,37.11660385131836,32.816749572753906,37.599998474121094
465,33.400001525878906,31.228364944458008,29.634859085083008,32.79999923706055
466,35.099998474121094,31.413860321044922,30.331451416015625,35.400001525878906
467,37.599998474121094,32.325103759765625,33.02487564086914,35.29999923706055
468,33.599998474121094,34.59603500366211,34.44302749633789,33.599998474121094
469,38.099998474121094,35.61210250854492,33.076271057128906,38.29999923706055
470,35.400001525878906,29.919626235961914,38.19933319091797,35.5
471,30.5,27.422161102294922,37.350467681884766,22.299999237060547
472,35.29999923706055,36.56231689453125,28.916555404663086,32.900001525878906
473,37.70000076293945,29.38686752319336,33.362510681152344,37.70000076293945
474,25.200000762939453,28.477310180664062,31.27617645263672,25.200000762939453
475,34.29999923706055,35.51955795288086,30.910987854003906,34.29999923706055
476,37.70000076293945,36.95133972167969,36.424800872802734,37.79999923706055
477,35.5,36.219482421875,31.101322174072266,35.5
478,29.5,28.507152557373047,39.188201904296875,29.700000762939453
479,34.70000076293945,31.869735717773438,31.03183364868164,34.79999923706055
480,20.700000762939453,25.38266372680664,33.581512451171875,21.600000381469727
481,37.29999923706055,26.55841827392578,35.109519958496094,30.799999237060547
482,36.599998474121094,38.873592376708984,31.59938621520996,36.900001525878906
483,35.79999923706055,30.234161376953125,35.93292999267578,30.899999618530273
484,34.29999923706055,31.732513427734375,27.888269424438477,32.900001525878906
485,34.900001525878906,32.38131332397461,30.59071159362793,32.29999923706055
486,33.900001525878906,36.827484130859375,26.81183624267578,33.79999923706055
487,34.5,33.50453567504883,29.96915626525879,34.0
488,31.399999618530273,31.16123390197754,32.40700912475586,31.5
489,33.0,31.228899002075195,29.489749908447266,33.0
490,34.5,36.297332763671875,29.590164184570312,35.70000076293945
491,35.599998474121094,33.52881622314453,32.17356872558594,37.20000076293945
492,33.0,31.38854217529297,30.052093505859375,35.599998474121094
493,35.400001525878906,36.39330291748047,34.411529541015625,35.400001525878906
494,27.399999618530273,26.575166702270508,32.9788818359375,29.100000381469727
495,39.29999923706055,37.29754638671875,34.07204818725586,40.0
496,31.600000381469727,29.983449935913086,33.90119552612305,31.899999618530273
497,34.20000076293945,34.764591217041016,26.67938995361328,35.099998474121094
498,21.100000381469727,25.116928100585938,34.740562438964844,21.799999237060547
499,24.200000762939453,29.204578399658203,31.47007942199707,24.100000381469727
500,24.0,31.055139541625977,34.20915603637695,24.0
501,26.200000762939453,27.500688552856445,34.7778434753418,23.200000762939453
502,31.200000762939453,33.52537155151367,38.05729293823242,36.5
503,38.599998474121094,37.442317962646484,30.846567153930664,33.79999923706055
504,35.0,36.14085388183594,28.32012367248535,35.29999923706055
505,34.70000076293945,34.39390563964844,29.583786010742188,34.900001525878906
506,20.799999237060547,28.24288558959961,33.51551055908203,28.899999618530273
507,35.900001525878906,35.47048568725586,25.142066955566406,34.29999923706055
508,35.099998474121094,36.492393493652344,28.267637252807617,32.400001525878906
509,41.29999923706055,41.512577056884766,34.07830810546875,41.0
510,38.599998474121094,37.412933349609375,31.558073043823242,38.5
511,43.099998474121094,47.98304748535156,39.34989547729492,43.599998474121094
512,21.5,26.402843475341797,33.5565185546875,22.5
513,35.29999923706055,34.76329803466797,26.79155921936035,35.29999923706055
514,30.5,30.171833038330078,35.69254684448242,30.899999618530273
515,22.200000762939453,26.419143676757812,33.253421783447266,21.0
516,39.5,37.3331298828125,34.241668701171875,40.0
517,26.799999237060547,28.787803649902344,35.20158386230469,29.100000381469727
518,37.29999923706055,35.672000885009766,30.902587890625,36.70000076293945
519,29.700000762939453,26.54861068725586,37.11610794067383,21.5
520,33.900001525878906,39.16017532348633,39.8171272277832,42.70000076293945
521,38.0,33.716278076171875,32.84247589111328,37.70000076293945
522,22.299999237060547,27.067968368530273,35.778587341308594,22.600000381469727
523,35.0,30.2296142578125,33.528419494628906,35.0
524,29.0,28.2249698638916,34.66887664794922,31.0
525,38.900001525878906,35.254661560058594,33.18440628051758,38.900001525878906
526,34.599998474121094,35.3836555480957,30.17091941833496,35.0
527,24.899999618530273,27.512008666992188,30.386383056640625,23.700000762939453
528,24.600000381469727,25.855716705322266,32.990814208984375,21.100000381469727
529,21.299999237060547,26.03000259399414,33.118202209472656,21.100000381469727
530,32.900001525878906,30.073427200317383,32.34407043457031,33.5
531,20.799999237060547,23.38893699645996,33.42291259765625,21.299999237060547
532,37.5,36.25626754760742,33.712913513183594,37.400001525878906
533,31.200000762939453,33.553489685058594,37.30781555175781,37.20000076293945
534,35.0,30.236846923828125,32.184234619140625,35.0
535,32.70000076293945,30.859886169433594,33.85137939453125,32.70000076293945
536,34.79999923706055,35.046566009521484,28.360652923583984,34.79999923706055
537,34.900001525878906,36.02082824707031,29.520885467529297,34.70000076293945
538,32.79999923706055,34.75662612915039,28.943845748901367,32.29999923706055
539,21.299999237060547,24.36711883544922,32.77198028564453,21.0
540,38.29999923706055,33.806800842285156,37.379920959472656,38.599998474121094
541,38.599998474121094,38.933837890625,34.734310150146484,38.70000076293945
542,35.70000076293945,35.641056060791016,30.12982940673828,32.20000076293945
543,36.099998474121094,27.03192138671875,36.80359649658203,36.20000076293945
544,35.400001525878906,37.84903335571289,29.10209083557129,35.400001525878906
545,34.70000076293945,28.984638214111328,30.886241912841797,24.600000381469727
546,21.200000762939453,24.52444839477539,33.27595901489258,28.0
547,21.799999237060547,25.610591888427734,32.217506408691406,22.600000381469727
548,39.79999923706055,34.53139877319336,37.555198669433594,38.599998474121094
549,34.599998474121094,36.812442779541016,27.773784637451172,34.599998474121094
550,35.20000076293945,33.80746841430664,29.507572174072266,35.400001525878906
551,35.29999923706055,37.506072998046875,33.84572982788086,35.29999923706055
552,34.400001525878906,32.32802963256836,29.266983032226562,34.70000076293945
553,37.79999923706055,35.44521713256836,32.02184295654297,37.20000076293945
554,37.20000076293945,36.34263610839844,33.36526107788086,38.79999923706055
555,30.299999237060547,27.438695907592773,37.503658294677734,22.299999237060547
556,22.799999237060547,28.408538818359375,33.569786071777344,31.899999618530273
557,29.200000762939453,26.190357208251953,36.106388092041016,23.600000381469727
558,29.700000762939453,29.8212947845459,38.12018966674805,29.600000381469727
559,21.799999237060547,23.81415557861328,31.957996368408203,31.700000762939453
560,35.900001525878906,36.09019470214844,28.135080337524414,36.0
561,38.099998474121094,34.88793182373047,36.11716079711914,38.400001525878906
562,34.20000076293945,34.240394592285156,33.332584381103516,34.400001525878906
563,38.29999923706055,33.58082962036133,36.502174377441406,37.70000076293945
564,36.29999923706055,32.43354797363281,34.45807647705078,36.29999923706055
565,35.0,30.86490249633789,31.116653442382812,32.400001525878906
566,25.299999237060547,31.684406280517578,33.21135330200195,22.200000762939453
567,42.5,38.16154479980469,37.922760009765625,43.599998474121094
568,32.400001525878906,35.924903869628906,29.299867630004883,32.20000076293945
569,25.200000762939453,26.59804916381836,30.47525978088379,25.100000381469727
570,31.600000381469727,25.001060485839844,35.53627395629883,31.600000381469727
571,35.900001525878906,32.14936447143555,38.51022720336914,35.900001525878906
572,36.400001525878906,37.3070068359375,29.466798782348633,36.29999923706055
573,33.0,30.13262367248535,38.621883392333984,33.20000076293945
574,33.400001525878906,34.26333236694336,29.919492721557617,36.29999923706055
575,24.5,28.43222999572754,30.898683547973633,37.599998474121094
576,34.20000076293945,36.11792755126953,30.556474685668945,34.70000076293945
577,35.599998474121094,36.435081481933594,29.088788986206055,35.5
578,33.70000076293945,34.05703353881836,27.09463882446289,33.79999923706055
579,20.799999237060547,23.92597007751465,31.855361938476562,27.899999618530273
580,35.599998474121094,32.181983947753906,31.67764663696289,35.70000076293945
581,33.0,34.90860366821289,26.701847076416016,33.0
582,36.70000076293945,35.5531005859375,30.010839462280273,36.599998474121094
583,35.29999923706055,36.26164245605469,27.039173126220703,35.79999923706055
584,34.70000076293945,34.91636276245117,27.8023681640625,33.29999923706055
585,34.5,31.173221588134766,29.428255081176758,32.79999923706055
586,32.79999923706055,35.8148078918457,29.5657901763916,33.099998474121094
587,37.20000076293945,36.780120849609375,34.75811004638672,37.099998474121094
588,37.20000076293945,34.52952575683594,35.1739616394043,37.400001525878906
589,35.400001525878906,32.588844299316406,34.688560485839844,35.400001525878906
590,35.099998474121094,31.810693740844727,31.226945877075195,36.099998474121094
591,35.79999923706055,37.243743896484375,30.258281707763672,36.099998474121094
592,32.400001525878906,35.048362731933594,27.90729331970215,35.599998474121094
593,38.0,35.289546966552734,32.568912506103516,37.20000076293945
594,28.100000381469727,23.410778045654297,34.142364501953125,28.600000381469727
595,35.5,31.63377571105957,30.682680130004883,35.29999923706055
596,21.799999237060547,25.326488494873047,34.55219650268555,22.799999237060547
597,33.900001525878906,33.83866882324219,32.54798889160156,36.20000076293945
598,38.5,33.30516052246094,37.04740905761719,34.29999923706055
599,38.0,29.68609619140625,30.806303024291992,24.100000381469727
600,32.599998474121094,32.56792449951172,28.7178897857666,32.79999923706055
601,37.400001525878906,36.79322814941406,37.563697814941406,37.599998474121094
602,35.400001525878906,36.504268646240234,34.51326370239258,35.400001525878906
603,38.79999923706055,37.08161926269531,36.6779899597168,39.20000076293945
604,37.79999923706055,31.173038482666016,33.71406173706055,37.599998474121094
605,31.600000381469727,33.621822357177734,30.459529876708984,31.600000381469727
606,22.700000762939453,28.14773178100586,35.579898834228516,28.899999618530273
607,35.5,35.82707977294922,29.28272819519043,35.5
608,34.70000076293945,29.398189544677734,35.15111541748047,34.599998474121094
609,42.599998474121094,40.26191711425781,34.112709045410156,40.20000076293945
610,22.200000762939453,26.728065490722656,31.774362564086914,21.700000762939453
611,28.5,30.60348129272461,35.936363220214844,28.600000381469727
612,38.900001525878906,38.47986602783203,33.4284782409668,38.79999923706055
613,34.0,33.26588439941406,28.697996139526367,35.0
614,31.299999237060547,31.444629669189453,34.93663024902344,31.200000762939453
615,33.5,34.1817512512207,31.984283447265625,33.5
616,33.400001525878906,34.760047912597656,30.05113410949707,34.599998474121094
617,23.100000381469727,26.180496215820312,33.59793472290039,23.299999237060547
618,21.299999237060547,29.481632232666016,38.087158203125,21.200000762939453
619,35.599998474121094,36.02650833129883,27.720760345458984,34.70000076293945
620,21.600000381469727,27.333337783813477,34.94199752807617,21.899999618530273
621,35.5,37.69553756713867,29.03934097290039,35.5
622,36.599998474121094,32.160308837890625,32.37899398803711,32.400001525878906
623,21.899999618530273,26.310453414916992,34.17105484008789,21.0
624,34.79999923706055,36.34976577758789,25.931766510009766,33.70000076293945
625,24.5,27.70963478088379,34.49260711669922,24.299999237060547
626,31.299999237060547,26.458728790283203,36.3632926940918,29.399999618530273
627,21.399999618530273,25.378664016723633,33.310184478759766,27.200000762939453
628,32.20000076293945,30.099138259887695,31.57839012145996,30.899999618530273
629,21.700000762939453,24.867027282714844,34.015201568603516,21.5
630,26.899999618530273,27.71273422241211,34.292903900146484,25.700000762939453
631,34.900001525878906,32.856407165527344,31.99794578552246,32.900001525878906
632,34.70000076293945,36.573143005371094,28.815921783447266,34.599998474121094
633,27.899999618530273,23.094274520874023,34.42155456542969,21.0
634,21.600000381469727,26.127220153808594,32.56509780883789,21.600000381469727
635,33.70000076293945,31.76970863342285,32.14857482910156,34.70000076293945
636,32.900001525878906,36.739013671875,29.17521095275879,36.0
637,33.900001525878906,36.87996292114258,27.482572555541992,33.900001525878906
638,33.599998474121094,34.273590087890625,32.70795440673828,33.5
639,33.70000076293945,35.49132537841797,28.81165885925293,33.599998474121094
640,39.79999923706055,38.43721389770508,34.9463996887207,40.0
641,36.29999923706055,37.476661682128906,30.2646427154541,36.20000076293945
642,21.299999237060547,26.669143676757812,33.86555099487305,21.0
643,22.0,26.655914306640625,34.276123046875,21.700000762939453
644,25.299999237060547,31.683366775512695,33.43595504760742,23.399999618530273
645,35.29999923706055,34.976417541503906,26.768638610839844,34.29999923706055
646,36.0,29.485252380371094,32.99510955810547,37.400001525878906
647,32.5,30.703250885009766,35.25468826293945,30.899999618530273
648,26.799999237060547,28.086732864379883,35.25369644165039,25.5
649,33.900001525878906,32.29905700683594,31.44817352294922,33.70000076293945
650,33.900001525878906,30.7875919342041,31.71869659423828,34.0
651,31.5,28.36965560913086,39.0173225402832,29.600000381469727
652,35.099998474121094,31.94561004638672,32.373836517333984,35.29999923706055
653,37.599998474121094,35.240570068359375,34.781070709228516,37.79999923706055
654,34.5,36.16952133178711,30.050228118896484,34.29999923706055
655,31.600000381469727,31.158061981201172,32.74652862548828,31.700000762939453
656,30.799999237060547,31.651947021484375,35.04161834716797,33.79999923706055
657,35.70000076293945,33.65886306762695,31.66739273071289,36.79999923706055
658,34.20000076293945,36.45943069458008,30.02113151550293,35.70000076293945
659,35.400001525878906,32.13524627685547,29.828792572021484,36.099998474121094
660,21.0,26.7434139251709,31.350414276123047,28.600000381469727
661,34.599998474121094,35.810123443603516,29.061420440673828,32.29999923706055
662,35.599998474121094,36.685829162597656,27.298019409179688,35.0
663,35.400001525878906,37.65196990966797,27.592557907104492,35.29999923706055
664,36.0,29.986461639404297,35.60673522949219,36.0
665,35.599998474121094,32.70969009399414,36.26920700073242,37.900001525878906
666,25.399999618530273,27.667526245117188,31.94991683959961,25.399999618530273
667,25.200000762939453,28.537538528442383,32.35969924926758,25.200000762939453
668,34.599998474121094,35.06261444091797,35.478816986083984,31.700000762939453
669,34.20000076293945,30.98713493347168,30.006254196166992,35.29999923706055
670,40.79999923706055,37.89085388183594,39.36100769042969,43.599998474121094
671,32.900001525878906,28.75895881652832,39.33457565307617,29.700000762939453
672,37.400001525878906,29.12917137145996,33.18374252319336,35.79999923706055
673,22.299999237060547,29.12637710571289,34.234703063964844,22.200000762939453
674,23.700000762939453,28.59593963623047,35.02611541748047,32.0
675,33.099998474121094,31.80198860168457,30.12601661682129,35.70000076293945
676,39.70000076293945,34.812294006347656,33.321571350097656,39.5
677,33.400001525878906,31.647199630737305,29.68927001953125,33.599998474121094
678,22.899999618530273,24.576276779174805,30.9252872467041,22.799999237060547
679,37.70000076293945,31.552669525146484,32.978023529052734,39.29999923706055
680,38.099998474121094,33.6329231262207,35.85498809814453,37.900001525878906
681,39.70000076293945,32.13041687011719,36.81760787963867,38.599998474121094
682,30.799999237060547,28.094223022460938,33.89180374145508,31.0
683,33.29999923706055,38.11415100097656,28.670093536376953,34.900001525878906
684,35.70000076293945,33.9830207824707,35.26646423339844,39.099998474121094
685,30.700000762939453,30.84223175048828,37.208763122558594,30.899999618530273
686,22.299999237060547,27.040016174316406,37.692955017089844,22.100000381469727
687,32.099998474121094,35.22655487060547,32.60893249511719,34.5
688,33.20000076293945,36.78022384643555,33.35580825805664,33.20000076293945
689,32.599998474121094,33.55876541137695,31.103721618652344,34.70000076293945
690,35.20000076293945,35.02833557128906,28.45928955078125,32.20000076293945
691,36.400001525878906,34.48140335083008,34.348182678222656,32.29999923706055
692,38.5,35.58781433105469,32.71943283081055,38.29999923706055
693,35.0,31.497779846191406,30.518579483032227,34.900001525878906
694,34.29999923706055,35.143768310546875,28.49496078491211,32.29999923706055
695,35.400001525878906,34.67771911621094,29.66965675354004,36.400001525878906
696,32.29999923706055,33.95181655883789,29.038108825683594,33.70000076293945
697,34.099998474121094,32.76715850830078,32.23572540283203,36.20000076293945
698,38.29999923706055,32.37722396850586,36.85301208496094,35.70000076293945
699,37.5,35.10348892211914,36.98818588256836,37.400001525878906
700,33.599998474121094,31.19623565673828,28.422569274902344,36.29999923706055
701,34.0,37.5692138671875,29.250431060791016,33.099998474121094
702,36.5,34.68437957763672,28.824787139892578,36.70000076293945
703,34.5,35.2637939453125,26.232940673828125,34.70000076293945
704,21.299999237060547,23.956558227539062,35.12349319458008,31.600000381469727
705,34.20000076293945,37.35682678222656,32.07682418823242,34.20000076293945
706,31.600000381469727,33.814781188964844,39.44972610473633,37.70000076293945
707,32.5,29.734729766845703,30.61861801147461,32.5
708,33.29999923706055,37.876216888427734,28.167688369750977,34.900001525878906
709,41.400001525878906,40.641178131103516,34.130374908447266,41.599998474121094
710,25.299999237060547,29.620145797729492,35.09295654296875,25.399999618530273
711,32.0,29.44917106628418,37.685604095458984,32.70000076293945
712,38.099998474121094,35.01728820800781,36.56542205810547,38.400001525878906
713,33.900001525878906,36.43624496459961,28.73958396911621,34.29999923706055
714,34.400001525878906,36.363304138183594,30.382875442504883,34.20000076293945
715,31.799999237060547,31.1470947265625,35.28934097290039,31.299999237060547
716,30.700000762939453,30.64373779296875,35.65309524536133,31.299999237060547
717,33.79999923706055,35.70479965209961,32.84457778930664,36.20000076293945
718,36.900001525878906,36.785308837890625,33.56573486328125,37.099998474121094
719,34.29999923706055,37.655242919921875,29.649080276489258,35.70000076293945
720,34.900001525878906,30.94497299194336,31.441547393798828,34.0
721,28.0,28.68267059326172,33.710411071777344,23.700000762939453
722,33.20000076293945,31.918304443359375,30.709510803222656,33.5
723,31.100000381469727,31.84764862060547,35.84940719604492,33.79999923706055
724,35.0,37.63546371459961,28.14106559753418,34.900001525878906
725,35.20000076293945,36.69536209106445,29.37315559387207,36.900001525878906
726,39.20000076293945,35.214935302734375,37.04798126220703,38.79999923706055
727,35.599998474121094,35.75484848022461,30.159862518310547,35.599998474121094
728,33.29999923706055,38.03948211669922,28.234045028686523,35.29999923706055
729,23.700000762939453,29.92654037475586,35.303287506103516,23.600000381469727
730,22.399999618530273,26.751562118530273,36.35847091674805,21.899999618530273
731,29.899999618530273,24.79391860961914,33.355777740478516,20.799999237060547
732,21.899999618530273,27.465736389160156,32.4717903137207,30.799999237060547
733,36.79999923706055,38.6552619934082,32.7624397277832,36.79999923706055
734,35.0,32.658447265625,31.410112380981445,36.20000076293945
735,21.600000381469727,26.183990478515625,32.91886901855469,21.600000381469727
736,34.70000076293945,37.472171783447266,30.621891021728516,34.099998474121094
737,35.0,30.068912506103516,29.947240829467773,35.0
738,31.5,31.07893943786621,32.709842681884766,31.5
739,39.400001525878906,34.89260482788086,35.58614730834961,37.70000076293945
740,28.299999237060547,30.92620277404785,35.632057189941406,28.299999237060547
741,23.700000762939453,28.953529357910156,33.926971435546875,23.700000762939453
742,35.099998474121094,36.3265380859375,28.38886260986328,33.400001525878906
743,24.799999237060547,29.210922241210938,31.500553131103516,24.899999618530273
744,21.100000381469727,25.297536849975586,35.32802200317383,21.0
745,34.29999923706055,31.616113662719727,30.01192855834961,34.70000076293945
746,32.79999923706055,26.233497619628906,34.66706466674805,32.599998474121094
747,41.79999923706055,40.498477935791016,34.478092193603516,37.599998474121094
748,29.799999237060547,25.204612731933594,35.398956298828125,29.899999618530273
749,33.0,36.57687759399414,25.769229888916016,34.20000076293945
750,34.099998474121094,36.91261672973633,30.554527282714844,35.70000076293945
751,21.0,26.831043243408203,33.79299545288086,21.0
752,33.5,33.01884078979492,30.13768768310547,33.5
753,33.70000076293945,34.20586395263672,33.31727600097656,35.0
754,31.5,34.777889251708984,37.12068176269531,38.20000076293945
755,35.20000076293945,34.13261032104492,29.054309844970703,35.900001525878906
756,36.400001525878906,33.339508056640625,31.075016021728516,35.29999923706055
757,41.5,39.05217742919922,34.868858337402344,41.20000076293945
758,37.5,38.095088958740234,33.242462158203125,37.599998474121094
759,28.799999237060547,30.33438491821289,36.89771270751953,28.600000381469727
760,33.599998474121094,36.92668151855469,30.32785415649414,33.5
761,23.0,28.567642211914062,34.51802444458008,32.5
762,34.5,30.650476455688477,27.2029972076416,34.599998474121094
763,33.599998474121094,38.55680847167969,29.126310348510742,33.70000076293945
764,37.400001525878906,38.55778503417969,33.23873519897461,37.5
765,37.0,31.813079833984375,29.490489959716797,36.70000076293945
766,32.099998474121094,34.75707244873047,29.163545608520508,35.0
767,32.70000076293945,35.025577545166016,30.177892684936523,32.20000076293945
768,22.799999237060547,26.87549591064453,32.3717041015625,21.700000762939453
769,28.700000762939453,30.576141357421875,37.177001953125,29.0
770,30.200000762939453,28.35076904296875,32.908447265625,26.299999237060547
771,34.20000076293945,36.72108840942383,29.08077049255371,33.70000076293945
772,34.900001525878906,32.722137451171875,30.63968276977539,34.79999923706055
773,36.79999923706055,33.758522033691406,36.964412689208984,36.70000076293945
774,34.79999923706055,37.58705520629883,35.00408172607422,32.79999923706055
775,34.79999923706055,37.936893463134766,28.42970848083496,34.79999923706055
776,39.900001525878906,39.045188903808594,33.164451599121094,40.20000076293945
777,33.900001525878906,32.37002182006836,31.759119033813477,36.29999923706055
778,25.700000762939453,27.83670425415039,34.52619552612305,25.700000762939453
779,32.5,34.84452438354492,27.268190383911133,34.29999923706055
780,34.79999923706055,32.66943359375,29.883882522583008,36.29999923706055
781,36.79999923706055,35.383033752441406,29.24956512451172,36.70000076293945
782,34.599998474121094,37.5894775390625,28.88003921508789,34.5
783,38.20000076293945,37.45458984375,34.23632049560547,38.599998474121094
784,26.200000762939453,28.769012451171875,34.22123336791992,25.5
785,26.799999237060547,28.817726135253906,35.36991882324219,26.700000762939453
786,38.599998474121094,33.0197639465332,36.41507339477539,34.29999923706055
787,43.0,39.153602600097656,36.55879211425781,41.0
788,36.599998474121094,29.324527740478516,31.314197540283203,24.899999618530273
789,33.79999923706055,37.66429138183594,26.974811553955078,33.0
790,20.799999237060547,25.348731994628906,35.637046813964844,21.700000762939453
791,33.29999923706055,33.09721374511719,30.05753517150879,33.900001525878906
792,35.599998474121094,36.44348907470703,30.61626625061035,35.599998474121094
793,37.70000076293945,35.474613189697266,31.52667999267578,37.20000076293945
794,36.400001525878906,34.569671630859375,34.36193084716797,32.29999923706055
795,34.20000076293945,36.40998077392578,30.88401985168457,34.20000076293945
796,31.5,32.91162109375,35.3680305480957,33.0
797,28.100000381469727,27.623348236083984,33.58308029174805,24.100000381469727
798,22.0,25.79851722717285,32.14793395996094,21.5
799,34.70000076293945,36.3648796081543,27.13669776916504,34.400001525878906
800,35.599998474121094,35.62385940551758,30.89166831970215,36.400001525878906
801,21.899999618530273,27.07969856262207,32.26100540161133,23.5
802,42.599998474121094,38.8485221862793,35.82233428955078,41.599998474121094
803,34.5,35.76838302612305,29.96991729736328,33.0
804,35.0,37.05402374267578,28.890779495239258,35.099998474121094
805,35.599998474121094,35.340660095214844,30.653640747070312,35.79999923706055
806,32.79999923706055,34.81209182739258,26.13991355895996,35.20000076293945
807,33.400001525878906,34.603328704833984,31.80393409729004,33.400001525878906
808,38.099998474121094,33.71799850463867,33.91319274902344,34.70000076293945
809,33.79999923706055,37.37590789794922,29.159570693969727,33.900001525878906
810,35.900001525878906,31.223236083984375,28.86603355407715,34.5
811,29.399999618530273,29.56165885925293,38.51917266845703,29.299999237060547
812,21.0,26.187610626220703,36.830204010009766,21.0
813,36.20000076293945,33.68486022949219,28.052541732788086,35.900001525878906
814,32.900001525878906,36.262359619140625,28.424510955810547,32.900001525878906
815,33.599998474121094,38.052940368652344,29.17688751220703,32.900001525878906
816,23.399999618530273,27.854969024658203,35.37601089477539,23.5
817,32.099998474121094,34.621856689453125,29.146528244018555,32.099998474121094
818,34.400001525878906,37.86438751220703,30.211776733398438,35.70000076293945
819,33.400001525878906,33.209251403808594,29.401525497436523,33.400001525878906
820,36.29999923706055,34.08479309082031,32.94341278076172,32.29999923706055
821,35.099998474121094,35.327369689941406,27.328269958496094,34.70000076293945
822,38.400001525878906,33.89154815673828,29.95516014099121,38.400001525878906
823,39.20000076293945,37.56800842285156,34.8427734375,39.5
824,21.799999237060547,26.381298065185547,34.12900924682617,22.700000762939453
825,32.20000076293945,35.384376525878906,30.504878997802734,32.20000076293945
826,40.599998474121094,35.85716247558594,35.78194046020508,41.29999923706055
827,21.600000381469727,24.367815017700195,33.533817291259766,21.799999237060547
828,21.799999237060547,28.40715980529785,37.168453216552734,22.100000381469727
829,32.70000076293945,35.7492790222168,30.17009735107422,32.70000076293945
830,22.600000381469727,26.07652473449707,34.08072280883789,25.799999237060547
831,31.700000762939453,30.341312408447266,34.34539794921875,36.900001525878906
832,31.399999618530273,33.6895751953125,37.131675720214844,36.70000076293945
833,28.100000381469727,23.24251937866211,34.794830322265625,21.100000381469727
834,31.700000762939453,36.247962951660156,35.715850830078125,35.400001525878906
835,39.79999923706055,34.35947799682617,35.542144775390625,39.099998474121094
836,28.299999237060547,29.53362274169922,37.9037971496582,21.5
837,35.400001525878906,34.15071105957031,29.041641235351562,34.5
838,21.700000762939453,26.783050537109375,33.59080123901367,22.0
839,34.5,36.13629150390625,29.325138092041016,33.400001525878906
840,35.0,34.07199478149414,29.593042373657227,34.79999923706055
841,23.299999237060547,26.524410247802734,32.756107330322266,23.200000762939453
842,38.099998474121094,35.14982604980469,32.67221450805664,35.599998474121094
843,41.5,37.70807647705078,34.95244598388672,39.900001525878906
844,31.899999618530273,35.165977478027344,30.52952766418457,33.29999923706055
845,34.20000076293945,34.30904006958008,33.7522087097168,36.900001525878906
846,35.400001525878906,32.94240188598633,36.29908752441406,35.20000076293945
847,21.899999618530273,27.34601593017578,38.08232498168945,22.100000381469727
848,37.099998474121094,29.094398498535156,33.284732818603516,35.79999923706055
849,35.599998474121094,34.115238189697266,28.214099884033203,33.400001525878906
850,37.599998474121094,33.55988311767578,35.37218475341797,36.70000076293945
851,36.5,37.17782211303711,33.2801628112793,37.0
852,33.599998474121094,30.405094146728516,29.955032348632812,34.900001525878906
853,21.799999237060547,27.038362503051758,34.495811462402344,21.899999618530273
854,21.100000381469727,26.048845291137695,36.52399826049805,29.299999237060547
855,35.29999923706055,35.0616340637207,26.976770401000977,32.5
856,37.900001525878906,35.02171325683594,33.05702590942383,38.29999923706055
857,32.900001525878906,24.778751373291016,33.63899230957031,31.600000381469727
858,21.5,26.985824584960938,33.92814636230469,32.400001525878906
859,39.29999923706055,37.13300323486328,35.88743209838867,38.0
860,34.099998474121094,28.904512405395508,28.43255615234375,35.0
861,31.799999237060547,27.59758758544922,29.339237213134766,24.0
862,28.899999618530273,30.141475677490234,36.270320892333984,28.899999618530273
863,34.20000076293945,33.02490997314453,31.09369468688965,34.099998474121094
864,31.399999618530273,28.050207138061523,38.039852142333984,25.299999237060547
865,38.79999923706055,34.109066009521484,35.685020446777344,39.099998474121094
866,21.600000381469727,27.10214614868164,34.21652603149414,30.799999237060547
867,21.299999237060547,25.569061279296875,31.094865798950195,36.599998474121094
868,32.599998474121094,33.164154052734375,30.414888381958008,35.0
869,36.599998474121094,35.485923767089844,29.29117202758789,35.400001525878906
870,31.799999237060547,29.433584213256836,33.21147155761719,37.099998474121094
871,31.399999618530273,26.353973388671875,35.00126266479492,21.100000381469727
872,39.29999923706055,34.26618957519531,35.741905212402344,39.099998474121094
873,33.5,32.6704216003418,29.381669998168945,32.79999923706055
874,35.400001525878906,32.37247085571289,29.536479949951172,32.29999923706055
875,27.899999618530273,27.773597717285156,30.609392166137695,27.899999618530273
876,33.099998474121094,33.625267028808594,29.909515380859375,33.099998474121094
877,32.400001525878906,30.439697265625,34.685482025146484,30.899999618530273
878,33.400001525878906,33.996612548828125,30.159664154052734,33.70000076293945
879,32.099998474121094,30.262218475341797,32.419857025146484,30.899999618530273
880,35.599998474121094,37.04816436767578,27.691692352294922,35.5
881,39.099998474121094,32.7285270690918,36.576290130615234,35.70000076293945
882,32.5,32.494842529296875,31.652111053466797,33.5
883,25.399999618530273,27.85142707824707,35.51103210449219,22.200000762939453
884,21.799999237060547,25.19692039489746,33.048828125,21.899999618530273
885,39.400001525878906,36.421836853027344,34.32609558105469,39.599998474121094
886,39.099998474121094,37.24366760253906,34.340545654296875,38.0
887,23.700000762939453,25.334205627441406,34.176780700683594,24.600000381469727
888,37.400001525878906,33.47120666503906,35.155887603759766,37.099998474121094
889,20.799999237060547,25.950374603271484,36.512168884277344,25.299999237060547
890,34.400001525878906,36.383060455322266,30.903339385986328,36.400001525878906
891,38.29999923706055,38.789154052734375,33.595008850097656,40.599998474121094
892,38.599998474121094,35.411258697509766,33.55458450317383,38.29999923706055
893,29.600000381469727,25.858779907226562,36.26250457763672,32.099998474121094
894,36.599998474121094,30.576763153076172,30.19490623474121,32.900001525878906
895,35.70000076293945,35.45673751831055,30.600826263427734,36.400001525878906
896,37.29999923706055,34.64542007446289,36.549339294433594,36.5
897,33.900001525878906,33.092567443847656,24.685747146606445,34.0
898,34.29999923706055,34.66495895385742,27.136184692382812,35.099998474121094
899,32.70000076293945,37.09420394897461,30.887752532958984,32.70000076293945
900,37.5,31.061115264892578,31.954715728759766,35.70000076293945
901,21.899999618530273,24.98007583618164,32.80364990234375,21.899999618530273
902,21.299999237060547,29.223838806152344,38.22861099243164,21.200000762939453
903,37.29999923706055,34.466243743896484,35.71955490112305,37.29999923706055
904,34.20000076293945,34.00674057006836,25.669492721557617,34.5
905,22.299999237060547,29.435810089111328,36.85430908203125,25.5
